PR,URL,Title,Content type,Is rendered page,HTTP status code,Organic traffic,Is valid Open Graph,Open Graph attributes,Open Graph values,Depth,Is indexable page,No. of all inlinks
20,https://tranvas.com/id/features/planner,Daily Planner — Focus on What Matters,text/html; charset=utf-8,false,200,0,false,"og:description
og:title","Explore the 8 core modules of Tranvas: Task Planner, Atomic Habits, Smart Finance, Mindful Journal, Gemini Neural OS AI, and more.
Features Overview — Tranvas Life Operating System",0,true,1
20,https://tranvas.com/id/features/journal,Digital Journal — Capture Your Thoughts,text/html; charset=utf-8,false,200,0,false,"og:description
og:title","Explore the 8 core modules of Tranvas: Task Planner, Atomic Habits, Smart Finance, Mindful Journal, Gemini Neural OS AI, and more.
Features Overview — Tranvas Life Operating System",0,true,1
20,https://tranvas.com/id/features,Features Overview — All-in-One Life Operating System | Tranvas,text/html; charset=utf-8,false,200,0,false,"og:description
og:title","Explore the 8 core modules of Tranvas: Task Planner, Atomic Habits, Smart Finance, Mindful Journal, Gemini Neural OS AI, and more.
Features Overview — Tranvas Life Operating System",0,true,1
20,https://tranvas.com/id/features/neural-os,Neural OS AI — Powered by Gemini Brain,text/html; charset=utf-8,false,200,0,false,"og:description
og:title","Explore the 8 core modules of Tranvas: Task Planner, Atomic Habits, Smart Finance, Mindful Journal, Gemini Neural OS AI, and more.
Features Overview — Tranvas Life Operating System",0,true,1
20,https://tranvas.com/id/features/goal,Goal Tracker — Track Your Milestones,text/html; charset=utf-8,false,200,0,false,"og:description
og:title","Explore the 8 core modules of Tranvas: Task Planner, Atomic Habits, Smart Finance, Mindful Journal, Gemini Neural OS AI, and more.
Features Overview — Tranvas Life Operating System",0,true,1
20,https://tranvas.com/id/features/job,Job Tracker — Manage Career Growth,text/html; charset=utf-8,false,200,0,false,"og:description
og:title","Explore the 8 core modules of Tranvas: Task Planner, Atomic Habits, Smart Finance, Mindful Journal, Gemini Neural OS AI, and more.
Features Overview — Tranvas Life Operating System",0,true,1
20,https://tranvas.com/id/features/habit,Habit Tracker — Build Consistency Every Day,text/html; charset=utf-8,false,200,0,false,"og:description
og:title","Explore the 8 core modules of Tranvas: Task Planner, Atomic Habits, Smart Finance, Mindful Journal, Gemini Neural OS AI, and more.
Features Overview — Tranvas Life Operating System",0,true,1
20,https://tranvas.com/id/features/finance,Finance OS — Master Your Money Flow,text/html; charset=utf-8,false,200,0,false,"og:description
og:title","Explore the 8 core modules of Tranvas: Task Planner, Atomic Habits, Smart Finance, Mindful Journal, Gemini Neural OS AI, and more.
Features Overview — Tranvas Life Operating System",0,true,1
20,https://tranvas.com/id/features/calendar,Smart Calendar — Sync Your Schedules,text/html; charset=utf-8,false,200,0,false,"og:description
og:title","Explore the 8 core modules of Tranvas: Task Planner, Atomic Habits, Smart Finance, Mindful Journal, Gemini Neural OS AI, and more.
Features Overview — Tranvas Life Operating System",0,true,1
