PR,URL,Title,Content type,Is rendered page,HTTP status code,Organic traffic,Is indexable page,No. of all inlinks,Is in sitemap,First found at
31,https://tranvas.com/,Tranvas | The Unified Life Operating System,text/html; charset=utf-8,false,200,0,true,4,false,
29,https://tranvas.com/resources/stories,Success Stories — User Transformations | Tranvas,text/html; charset=utf-8,false,200,0,true,3,false,https://tranvas.com/en/resources/stories
29,https://tranvas.com/features/habit,Habit Tracker — Build Consistency Every Day | Tranvas,text/html; charset=utf-8,false,200,0,true,3,false,https://tranvas.com/en/features/habit
29,https://tranvas.com/solutions/mental-clarity,Mental Health — Journaling & Mindfulness | Tranvas,text/html; charset=utf-8,false,200,0,true,3,false,https://tranvas.com/en/solutions/mental-clarity
29,https://tranvas.com/features/job,Job Tracker — Manage Career Growth | Tranvas,text/html; charset=utf-8,false,200,0,true,3,false,https://tranvas.com/en/features/job
29,https://tranvas.com/solutions/freelancer,For Freelancers — Scale Your Workflow | Tranvas,text/html; charset=utf-8,false,200,0,true,3,false,https://tranvas.com/en/solutions/freelancer
29,https://tranvas.com/pricing,Pricing & Plans — Choose Your Journey | Tranvas,text/html; charset=utf-8,false,200,0,true,3,false,https://tranvas.com/en/pricing
29,https://www.tranvas.com/,Tranvas | The Unified Life Operating System,text/html; charset=utf-8,false,200,0,true,3,false,
29,https://tranvas.com/login,Log In — Welcome Back | Tranvas,text/html; charset=utf-8,false,200,0,true,3,false,https://tranvas.com/en/login
29,https://tranvas.com/resources/community,Community — Connect with Users | Tranvas,text/html; charset=utf-8,false,200,0,true,3,false,https://tranvas.com/en/resources/community
29,https://tranvas.com/solutions/second-brain,Second Brain — Your Digital Knowledge Map | Tranvas,text/html; charset=utf-8,false,200,0,true,3,false,https://tranvas.com/en/solutions/second-brain
29,https://tranvas.com/features/journal,Digital Journal — Capture Your Thoughts | Tranvas,text/html; charset=utf-8,false,200,0,true,3,false,https://tranvas.com/en/features/journal
29,https://tranvas.com/solutions/personalgrowth,Personal Growth — Master Your Self-System | Tranvas,text/html; charset=utf-8,false,200,0,true,3,false,https://tranvas.com/en/solutions/personalgrowth
29,https://tranvas.com/register,Sign Up — Start Your Journey | Tranvas,text/html; charset=utf-8,false,200,0,true,3,false,https://tranvas.com/en/register
29,https://tranvas.com/resources/changelog,Changelog — What's New | Tranvas,text/html; charset=utf-8,false,200,0,true,3,false,https://tranvas.com/en/resources/changelog
29,https://tranvas.com/solutions/deep-work,Deep Work — Uninterrupted Focus | Tranvas,text/html; charset=utf-8,false,200,0,true,3,false,https://tranvas.com/en/solutions/deep-work
29,https://tranvas.com/features/neural-os,Neural OS AI — Powered by Gemini Brain | Tranvas,text/html; charset=utf-8,false,200,0,true,3,false,https://tranvas.com/en/features/neural-os
29,https://tranvas.com/about,About Us — Our Mission | Tranvas,text/html; charset=utf-8,false,200,0,true,3,false,https://tranvas.com/en/about
29,https://tranvas.com/resources/blog,Blog — Productivity Insights | Tranvas,text/html; charset=utf-8,false,200,0,true,3,false,https://tranvas.com/en/resources/blog
29,https://tranvas.com/resources/ai-trust,AI Transparency — Our Commitment | Tranvas,text/html; charset=utf-8,false,200,0,true,3,false,https://tranvas.com/en/resources/ai-trust
29,https://tranvas.com/solutions/atomic-system,"Atomic Habits — Small Steps, Big Results | Tranvas",text/html; charset=utf-8,false,200,0,true,3,false,https://tranvas.com/en/solutions/atomic-system
29,https://tranvas.com/solutions/student,For Students — Optimize Your Learning | Tranvas,text/html; charset=utf-8,false,200,0,true,3,false,https://tranvas.com/en/solutions/student
29,https://tranvas.com/resources/help,Help Center — Find Solutions | Tranvas,text/html; charset=utf-8,false,200,0,true,3,false,https://tranvas.com/en/resources/help
29,https://tranvas.com/resources/guide,User Guide — Master the OS | Tranvas,text/html; charset=utf-8,false,200,0,true,3,false,https://tranvas.com/en/resources/guide
29,https://tranvas.com/solutions/career-accelerator,Career Tracker — Focus on Professional Growth | Tranvas,text/html; charset=utf-8,false,200,0,true,3,false,https://tranvas.com/en/solutions/career-accelerator
23,https://www.tranvas.com/id,Tranvas | The Unified Life Operating System,text/html; charset=utf-8,false,200,0,true,1,false,https://www.tranvas.com/
